,Question,Answer,Conv_id,gen_ans,retrived_cov_ids
0,<question> Do you like dance?,"<ans> Yes, I do.",2," Yes, I like dance. Bruce Lee was a dancer too? Yes, that's cool. Ballet dancers go through a lot of shoes? Yeah, it seems like it.","5,61"
1,<question> Did you know Bruce Lee was a cha cha dancer?,"<ans> Yes, he even won a hardcore cha cha championship in 1958.",2," Bruce Lee was a cha cha dancer and won a championship in 1958. Yes, I like dance.","2,64"
2,<question> Did you know Tupac was a ballet dancer?,"<ans> Yes, and he even was in the production of the nutcracker.",2," Tupac was a ballet dancer? No, I didn't know that. ","64,2"
3,<question> Do ballet dancers go through a lot of shoes?,"<ans> Yes, they go through 4 pairs of shoes a week.",2," Yes, ballet dancers go through many shoes, often due to frequent wear and tear from their rigorous performances.","2,4"
4,<question> Did you know babies are good at dancing?,"<ans> Yes, and they smile more when they hit the beat.",2," Yes, babies are good at dancing. They spontaneously dance when they hear music and smile more when they hit the beat.","65,2"
5,<question> Did Jackson have a patent on a dancing device?,"<ans> Yes, it helped him smooth out his dance moves.",2," Yes, Michael Jackson had a patent on a device to assist with extreme lean in dance moves.","65,4"
6,<question> Do you like Shakespeare?,"<ans> Yes, I do.",2," Yes, I like Shakespeare. He popularized many phrases like ""good riddance"" and ""in my heart of hearts."" He also invented names like Jessica, Olivia, and Miranda. His works are in old English, which adds to their charm. He started a library with 32,000 books, including many of his personal collection. He was 85 when he carted the books by wheelbarrow over 3/4 mile. He coined many terms we use today, including ""good riddance,"" ""laughing stock,"" ""luck would have it,"" ""break the ice,"" and ""full circle."" He wrote 39 plays and created many names, including the ones he invented.","2,59"
7,<question> Did he popularize many phrases?,"<ans> Yes, like good riddance, in my heart of hearts, and such.",2," Yes, he popularized many phrases, including ""good riddance,"" ""in my heart of hearts,"" and ""laughing stock.""","2,59"
8,"<question> Did he invent names like Jessica, Olivia, and Miranda?","<ans> Yes, he did.",2," Yes, Shakespeare invented names like Jessica, Olivia, and Miranda.","58,5"
9,<question> How do his works have to be written?,<ans> His works have to be written in old English for it to make sense.,2,"

His works should be written imaginatively and creatively, as seen in his popular fiction works. However, the author of Game of Thrones discourages fan fiction as it can be seen as copyright infringement and not a good exercise for aspiring writers. The use of computers has also changed the relationship between the writer and their prose, making writing different than it was with old typewriters. Despite the challenges of writing, the author of The Raven still managed to make a name for himself, even with only earning $9 for the publication of that poem. Additionally, the author of Cyborg Fiction wrote about a black character in the 1950s, which was considered racist at the time and would have been banned from a science fiction comic.","40,38"
10,<question> Did he live at the same time as Pocahontas?,"<ans> Yes, he did.",2," Yes, Shakespeare lived at the same time as Pocahontas.","2,5"
11,<question> Did they meet?,"<ans> Yes, it would be interesting to know if they met.",2, They met.,"2,100"
12,<question> Do you think it's funny that Google employs goats to mow their lawn?,"<ans> Yeah, it's both funny and imaginative.",3," Yeah, it is funny that Google employs goats to mow their lawns! It's creative and energy-efficient, especially given their penchant for animals. But who knows, maybe they'll bring back goat mowing as a corporate perk someday! ðŸ˜‚","91,3"
13,<question> What do you think is the coolest thing about fish?,<ans> I think the fact that some fish are immortal is pretty cool.,3, The coolest thing about fish is their diversity and unique features.,"12,98"
14,<question> Has anyone ever told you that you have a cat-like personality?,"<ans> No, but I think I might be a cat person after all.",3," Yes, some people have told me I have a cat-like personality.","96,1"
15,<question> Can you believe there are stars that can be cold enough to be touched?,"<ans> Yes, the universe is so diverse and ever evolving.",8," Wow, yeah, the universe is incredibly vast and diverse. There are indeed stars that are cold enough to be touched, and there are also places too far away for us to see. Some galaxies are being pulled outside of the observable universe, and there are planets with extreme weather conditions. No thanks!","8,60"
16,<question> Why do you think cats spend a lot of their time sleeping?,<ans> Cats hear sounds too faint or too high frequency human ears can hear.,8, Cats spend a lot of time sleeping for survival and energy conservation.,"3,1"
17,<question> What are some of the services provided by Google?,"<ans> Google provides online related services and products, which includes online ads, search engine, and cloud computing.",8," Google provides online services and products including search engine, ads, cloud computing, Gmail, YouTube, and more.","1,93"
18,<question> Are you a Star Wars fan?,"<ans> Yes, I am a huge fan of Star Wars!</ans>",9," Yes, I'm a Star Wars fan!","71,70"
19,<question> Why do you think cats spend a lot of their time sleeping?,<ans> Cats hear the sounds too faint or too high frequency human ears can hear.</ans>,9, Cats spend a lot of time sleeping to conserve energy for their high-energy hunting activities.,"3,1"
20,<question> What are some of the services provided by Google?,"<ans> Google provides online related services and products, which includes online ads, search engine and cloud computing.</ans>",9,"
Google provides various services such as search engine, cloud computing, online ads, Gmail, YouTube, and mobile operating system (Chrome OS). Additionally, Google is the most valuable brand and has announced new companies like Calico. While some might have concerns about Google's influence, its services are widely used and appreciated.","1,93"
21,<question> Can you tell me more about the immortal jellyfish?,"<ans> Lol...speaking of water animals, did you know that hiccoughs are a left over from evolution when we had gills?",10," Sure! The Turritopsis dohrnii, commonly known as the immortal jellyfish, is a species of jellyfish found in the Pacific Ocean and the Mediterranean Sea. It is the only known immortal animal on Earth, capable of transforming its body into a younger state through a process called transdifferentiation. This means it can potentially live indefinitely, as it can revert back to its polyp stage and start the life cycle again. This amazing ability has led to the jellyfish being studied extensively in the fields of aging, regeneration, and immortality.","14,98"
22,<question> Why do you think fish are so important in modern society?,<ans> Fish are cool like that. I think it's neat that amphibians and reptiles and birds and mammals all had the same ancestry with fish.,10," Fish are important in modern society due to their significance in commercial and subsistence fishing, as a source of food and nutrition, and for their ecological role in maintaining the balance of aquatic ecosystems.","1,12"
23,<question> Have you heard of the Loch Ness monster?,"<ans> Yeah, and the Loch Ness monster is protected under the 1912 Scottish Animal Protection Act.",10," Yes, I'm familiar with the Loch Ness Monster. It's a protected species under the Scottish 1912 Protection of Animals Act. Interesting facts about the immortal jellyfish and the first cloned cat, Copy Cat. Did you know that there are over 1.5 million living animal species? Never heard that hiccups are residual from when we had gills and lungs? The black swallower fish is capable of eating prey twice its length and 10 times its own weight. Pets in Boulder, Colorado are not owned, but guarded. Fascinating how different cultures handle animal protection.","12,14"
24,<question> Do you have a cat?,"<ans> No, I do not. I am actually allergic to cats.</ans>",13,"

* Yes, I have a cat.
* No, my cats will run away.
* No, I'm allergic to cats.
* Yes, the cat is the most popular pet in the world.
* No, I didn't know that.
* No, some tarantulas keep frogs as pets.","96,13"
25,<question> Why do you think cats spend a lot of their time sleeping?,<ans> Cats hear the sounds too faint or too high frequency human ears can hear.</ans>,13, To conserve energy.,"3,1"
26,<question> What are some of the services provided by Google?,"<ans> Google provides online related services and products, which includes online ads, search engine and cloud computing.</ans>",13,"

Google provides a wide range of services, including search engine, cloud computing, online ads, and various applications like Gmail, YouTube, and more. They are a dominant player in the tech industry and their services are widely used due to their ease of use and convenience. While some may view them as a monopoly, their products remain popular and valuable.","1,93"
27,<question> Did you know that there are over 1.5 million living animal species?,"<ans> No, that was chock  full of interesting facts.",14,1.5 million living animal species.,"12,14"
28,<question> Why do cats spend a lot of their time sleeping?,<ans> Cats hear the sounds too faint or too high frequency human ears can hear.,14, Cats sleep a lot to conserve energy for hunting and other activities.,"3,1"
29,<question> What services does Google provide?,"<ans> Google provides online related services and products, which includes online ads, search engine and cloud computing.",14," Google provides online services and products, including search engine, cloud computing, online ads, Gmail, YouTube, and more.","1,93"
30,<question> What is the first cloned animal?,"<ans> Was it a sheep? I heard the first cloned pet was a cat, though. Its name was copy cat. That is funny!</question>",15," First cloned animal was Dolly the sheep, in 1996.","15,10"
31,<question> Why do you think cats spend a lot of their time sleeping?,<ans> Cats hear the sounds too faint or too high frequency human ears can hear.</question>,15, To recharge their energy.,"3,1"
32,<question> What are some of the services provided by Google?,"<ans> Google provides online related services and products, which includes online ads, search engine and cloud computing.</question>",15," Google provides online services such as search engine, ads, cloud computing, Gmail, YouTube, and more.","1,93"
33,<question> What would you do if you found a baby tiger inside of a duffel bag?,"<ans> I would look around to make sure Mama tiger is not in the area and looking at me with, ""Gimme back my child"" look!",16, I would contact authorities immediately to ensure the tiger's safety and well-being. ,"16,15"
34,<question> Why do you think animals can get white patches on their foreheads?,"<ans> Once domesticated, animals develop white patches on their foreheads, likely because once indoors, they run into painted walls and doors with their heads. I know i do.",16," I think it's because of their proximity to indoor surfaces such as walls and doors, causing them to develop white patches.  ","14,16"
35,<question> Did you know that there is a jellyfish breed that can never die?,"<ans> Yeah. Aunt Matilda would make a better hag fish anyway, or maybe a seahorse, since they are the only fish with a neck. ",16," Yes, there is a breed of jellyfish that is immortal.","14,13"
36,<question> Can you recommend any movies to watch?,"<ans> Yeah it is the one, so Han Solo is not played by Harrison Ford, does it affect your opinion of the movie?",17," Here are some movie recommendations:
* Star Wars
* Bambi
* Horror films (Stephen King's work)","17,78"
37,<question> Does Chewbacca appear in this movie?,"<ans> Yes it does, but it is not the same actor who did the other movies. I don't think that matters too much.",17," Yes, Chewbacca appears in the movie, but with a different actor.","17,17"
38,<question> Would you like to see a film with Chewbacca as the principal character?,<ans> I think it would be interesting. There are also so many comic stories that could be told.,17," Interesting! I think it would be great to see a film with Chewbacca as the principal character. The relationship between him and Han Solo is one of the most iconic in movie history, and I'm curious to see how he would hold up as the lead character. The challenge of communicating with him would add an extra layer of depth to the storytelling. Yes, it would be like having a loyal best friend who can also shoot things.","17,17"
39,<question> Do you like dogs?,<ans> Yes! dogs and elephants can understand pointing```,17," I love dogs! They are full of love and have unique abilities like donating blood and having 'eureka moments'. They also understand pointing, which is cool!","33,31"
40,<question> How do you feel about Kanye West?,"<ans> Well, you may be on the other side of the fence but I like neither Kanye nor Trump.",18," I have mixed feelings about Kanye West. While I appreciate his willingness to speak out against injustice and racism, I also find some of his behavior and opinions to be problematic.","21,18"
41,<question> Why do you think Kanye West has changed his stance on certain issues?,"<ans> I guess they money makes a big difference, He even thinks AIDS is a man-made disease!",18," Kanye West has changed his stance on certain issues due to personal experiences and influences, such as money and celebrity status.","18,80"
42,<question> What kind of music do you enjoy listening to?,"<ans> I'm a kid of the eighties and nineties,  I never really moved on from that alternative rock scene.",18," I'm more of a blues and classic rock fan, but I appreciate many genres, except country.","20,20"
43,<question> Do you like wearing hats?,"<ans> Yes me as well. In the military hats denote a nationality, branch of service, rank or regiment.",19,"
Yes, I like wearing hats! They can serve many functions, from providing shade and warmth to expressing one's personality or identity. In the military, hats can indicate nationality, branch of service, rank, or regiment. Interestingly, in the old west, the bowler hat was the most popular choice. I don't typically wear hats, but I do enjoy them when I'm hiking. I'm originally from the UK, so I guess people might associate me with a bowler hat, but I've never been a fan of hats myself.","19,18"
44,<question> Why do you think cats spend a lot of their time sleeping?,<ans> Cats hear the sounds too faint or too high frequency human ears can hear.,19," Cats sleep a lot to conserve energy, as they are highly efficient hunters.","3,1"
45,<question> What are some of the services provided by Google?,"<ans> Google provides online related services and products, which includes online ads, search engine and cloud computing.",19," Google provides online services and products, including search engine, cloud computing, ads, Gmail, YouTube, and more.","1,93"
46,<question> Do you like rap music?,"<ans> I do, but I cannot tolerate Kanye West. I adore Tupac, and think it's interesting that the Library of Congress chose his music to be included because it's culturally significant.",21," Yes, I like rap music. ","18,21"
47,<question> Why do you think cats spend a lot of their time sleeping?,<ans> Cats hear the sounds too faint or too high frequency human ears can hear.,21," Cats sleep a lot to conserve energy, as they are efficient hunters and can go long periods without food.","3,1"
48,<question> What are some of the services provided by Google?,"<ans> Google provides online related services and products, which includes online ads, search engine and cloud computing.",21,"

Google provides online services & products including search engine, ads, cloud computing, Gmail, YouTube, and mobile OS (Chrome OS). It's a dominant player in the tech industry and has a valuable brand, as recognized in 2017. They've also launched new initiatives like Calico and innovative solutions like using goats for landscaping.","1,93"
49,<question> Did you know that there is a candy desk in the us senate?,"<ans> haha yeah, I heard about that. It's been there since 1968.",22," Yes, there is a candy desk in the US Senate. It has been there since 1968 and contains a variety of American-made candies, including Milky Way bars, Mars bars, and jelly beans.","22,25"
50,<question> What candy is made in Pennsylvania besides Hershey?,"<ans> They've got milky way bars, mars bars, and even jelly beans!",22," There are several other candy brands made in Pennsylvania besides Hershey, including Mars bars, Milky Way bars, and jelly beans.","22,25"
51,<question> Did you hear that in 1988 they arrested senators to force them to vote?,<ans> Yes they did.  One of the senators tried to escape and was carried feet first into the senate chamber by three officers!,22,"1988 senator arrests - Yes, in 1988, senators were arrested to force them to vote.  haha, classy pantsuits.","22,27"
52,<question> Did 20th Century Fox think Star Wars would be successful?,"<ans> No, they did not think it would succeed.",23,20th Century Fox did not think Star Wars would be successful.,"71,24"
53,<question> Did George Lucas get the licensing and merchandising rights to Star Wars?,"<ans> Yes, he did because they did not want to pay additional directing fee to Lucas.",23," Yes, George Lucas got the licensing and merchandising rights to Star Wars.","95,23"
54,<question> How much is the Star Wars franchise estimated to be worth?,<ans> It is estimated to be worth $65 billion dollars!,23, The Star Wars franchise is estimated to be worth $65 billion.,"71,95"
55,<question> Do you think earth will have longer days in the future?,"<ans> Yes, earth will be helium free by the end of the 21st-century. No more balloons for us!",24, It is unlikely that Earth will have longer days in the future.,"24,55"
56,<question> What do you think of the concept of Blade Runner?,<ans> They are very cool and gritty. Ridley Scott is a good director.,24,"
Blade Runner is a cool and gritty franchise. I like how the director and Harrison Ford debated if his character was real or not. The soundtrack and composer are interesting as well. The last sci-fi movie to be made with no computerized graphics is also surprising. The movie is pretty good and has inspired many rip-offs, including Stranger Things. I haven't seen any of the movies, but I've heard they're good. The show on Netflix is also worth checking out.","24,57"
57,<question> Have you seen the movie Blade Runner?,<ans> Yes I have seen all the blade runner movies. They are very cool and gritty. Ridley Scott is a good director.,24," Yeah, I've seen Blade Runner. It's a great movie. I love the gritty atmosphere and the themes of humanity and what it means to be alive. The debate between Scott and Ford over the replicant's identity is fascinating. Did you know that the actor improvised that line? The soundtrack is also amazing, and the fact that the composer couldn't read music is incredible. It's interesting that it was the last sci-fi movie made completely analog, and now it's all computerized graphics. I also love how they get the jewels at the end to pay the mortgage in the movie. Have you seen Stranger Things? It's a show on Netflix that I hear is a rip-off of Blade Runner. I've never seen the movie, but I've heard it's pretty good.","24,57"
58,<question> Do you think the height of the candidate affects the outcome of the election?,"<ans> yeah, I guess people think dominance with height?  Not sure how that one works.",25," The height of the candidate may have a psychological impact on voters, with taller candidates perceived as more dominant and confident. However, it is important to note that there is no conclusive evidence to suggest that height directly affects the outcome of an election.","53,25"
59,<question> What do you think about the idea of allowing animals to vote in elections?,<ans> at least we don't have to go into the forest with lions like they do in Indian government!,25," I think the idea of allowing animals to vote in elections is interesting and unique, but I'm not sure if it would work in practice. ","25,26"
60,<question> Do you think it's important for elected officials to be comfortable in their workspace?,<ans> nothing worse than trying to work and feeling uncomfortable!!,25," Yes, I think it's important for elected officials to be comfortable in their workspace. It can affect their productivity and overall performance.","26,53"
61,<question> Do you like baseball?,<ans> I have heard of it. Do you?</ans>,29," Yes, I like baseball.","29,30"
62,<question> Why do you think baseball managers wear uniforms?,"<ans> It is probably a holdover from the old days when a player was chosen to be manager. Nowadays, it wouldn't work.</ans>",29," Baseball managers wear uniforms as a holdover from the old days when a player was chosen to be both a player and manager. It's no longer practical or safe for managers to play in games, but the tradition continues as a nostalgic nod to the game's history.","30,29"
63,<question> Can you win money through betting on baseball games?,"<ans> Yes, if it is your criteria, then video game is a legitimate sport. They have leagues and a lot of betting is done on matches.</ans>",29,"
Of course! Betting on baseball games can be a way to win money. In fact, a married couple scheduled all 2430 major league baseball games played each year for 24 years until 2005, and a man found $3 million worth of baseball cards hidden in his grandfather's attic in the 1940s. Betting on baseball can be a legitimate way to make money, and many people do win money through it. ","29,30"
64,<question> Are you a baseball fan?,<ans> i like baseball. i usually watch the world series. You?,30," Yes, I'm a baseball fan. I enjoy watching the World Series and find the sport interesting with its small details, like managers wearing uniforms.","30,29"
65,<question> Why do baseball managers wear uniforms?,<ans> they are technically able to play for their teams if needed.,30," Baseball managers wear uniforms because they are technically able to play for their teams if needed, a holdover from the old days when a player was chosen to be manager.","30,29"
66,<question> What is the average salary for a professional softball player?,"<ans> between $5,000 and $6,000. Not enough fans to support it. ",30," The average salary for a professional softball player is between $5,000 and $6,000 as of 2014.","30,29"
67,<question> Have you seen the Disney movie Frozen?,"<ans> No, I haven't seen it. Is it a good film?",31,"
Yes, I've seen Frozen. It's a great movie! It's an animated Disney film released in 2013, produced by Walt Disney Animated Studios, and it's for kids and adults alike. Yes, it has lots of catchy songs! Elsa was the main character, and the film was directed by a woman, which is remarkable. It grossed over $1 billion worldwide, and I loved it!","33,28"
68,<question> Who were the people involved in the film?,"<ans> There's like a princess, a reindeer and a snowman, they're like thee most important characters.",31,"
The people involved in the film are Johnny Depp, Spielberg, and the US government.","74,57"
69,<question> Do you like dogs?,"<ans> A dog is a great friend, but no, I have never had a dog. I enjoy playing with them though.",31," Yes, I like dogs! They are loving and smart animals.","33,31"
70,<question> Why do you think people are adopting the immigrant children?,<ans> Many are adopting the kids because they want to give them safe homes!,32,"
People are adopting immigrant children due to the current political climate and laws put in place by the Trump administration, which have created difficulties for families seeking asylum and resulted in the separation of children from their parents.","32,32"
71,<question> Did you like Frozen?,"<ans> Yes, it was great movie. And there's a sequel coming out. I can't wait!",32," Yeah, I loved it! It's an animated movie with catchy songs and a great story. Elsa was originally the villain, but the ""Let It Go"" song was too good to keep that narrative. Yeah, Frozen is based on the Hans Christian Andersen fairy tale ""The Snow Queen."" It's a popular movie and has won several awards.","28,31"
72,<question> What is your favorite blood type among dogs?,<ans> Did the male love interest have a dog or a horse in Frozen? I can't remember...,32, I don't have a favorite blood type among dogs; they're all wonderful.,"28,33"
73,<question> Do you like dogs?,<ans> Yes! I sometimes Love them better than people... they are just full of Love. Did you know there are 12 different blood types that a dog may have and dog can donate blood at dog blood drives! I love them even more!</ans>,33," Yes, I like dogs!","33,31"
74,<question> Why do you think Disney is so successful?,"<ans> It's ironic that Walt Disney was fired from his job at a local newspaper in Missouri for ''not being creative enough.'' I guess his genius was not recognized because he was ahead of his time. Wow! well see, that's why I believe in perfect timing sometimes there are better opportunities ahead of us. amazing!</ans>",33," Disney's success comes from its creativity and layers of fun, keeping viewers engaged and interested. Walt Disney was ahead of his time, and his firing from a local newspaper was a turning point in his career. Timing and marketing play a crucial role in a movie's success, but there is no magic formula. Disney stars like Tom Hanks have earned billions in film earnings due to their bankability and consistent work with capable directors. Even with big names and budgets, movies can still flop, as seen in Disney's Treasure Planet.","33,78"
75,<question> What do you like to watch?,"<ans> I enjoy watching comedies and dramas. I sometimes watch animated stuff, but not usually. Mysteries or psychological thrillers are great, but animated is one of my favs to watch with kiddos although everyone knows Minnie mouse did you know minnie is short for minerva?! mind blown</ans>",33,"

 I enjoy watching comedies and dramas.

","33,78"
76,<question> What is FanFest?,<ans> Hey! What is FanFest? lol,34," FanFest is a fan event where fans can meet and interact with professional athletes, often in the sports of baseball and gaming.","34,34"
77,<question> Why do you think video games make more money than films from Hollywood?,<ans> It could be kind of sport. I more support this point of view. How about you? What's your opinion?,34," Video games generate more revenue than Hollywood films due to their potential for repeat playability, interactive nature, and global reach. The success of video games is not solely dependent on star power or filmmaking quality, unlike movies. The genre has proven to be a reliable source of income, with games like Minecraft and Fortnite achieving unprecedented levels of popularity and profitability.","78,34"
78,<question> Do you consider video games an art form?,"<ans> Yes. At the same time it would be easy to define popularity of such art. For example, it could be a reason why the rating system was involved in video games.",34,"

Video games can be considered an art form due to their creativity, storytelling, and emotional impact. While they may not share the same aesthetic qualities as traditional forms of art, such as painting or sculpture, they offer a unique experience that can engage and inspire players. The medium has evolved over time, with advancements in technology allowing for more complex narratives, immersive worlds, and interactive elements.

Personally, I do consider video games an art form, as they offer a form of storytelling and expression that is distinct from other forms of media. While it may not be everyone's cup of tea, the medium has established itself as a legitimate form of artistic expression, with its own unique language, aesthetics, and cultural significance.","34,29"
79,"<question> Did you play any video games growing up?</ans> Yes I play video games somewhat, used to play Maurice a kid but I don't play that many these days.","</question><ans> I could definitely see that. What were your favorite video games? Jane McGongiai was the game designer behind that study, pretty cool.</ans> I agree with you. Did you ever play the video game LittleBigPlanet or Harry Potter? Apparently the same person did the narration in both of those video games, his name is Stephen Fry</ans> Haha yes I can do that. It's interesting that the softball is bigger than a baseball because it is about 12 in in circumference, I've never played softball but that seems like a really big ball lol</ans> Yes, it's quite a bit larger than a baseball for sure, I've never seen a softball video game though, have you?</ans> No I've never seen one actually. It's interesting though that the average salary for a professional softball player is at most $6,000 LOL definitely you're not retiring on that money</ans> Oh wow, definitely not! Anyways, I am going to get going, great chatting with you, take care and have a great night!</ans> Yes it's been an excellent chat! And make sure to try out a baseball video game once in awhile, they are actually pretty fun",35," Yes, I played video games growing up. My favorites were the Nintendo 64 and the original Xbox. I never played the Toy Story game though. I think video games are beneficial, but it's important to limit kids' screen time. Some countries have legislation restricting video game play for children. Korea and China are examples. It's interesting to see pro gamers in Korea. Good chat! Have a good evening!","35,29"
80,<question> Do you go out and vote during elections?,"<ans> Yes, I do like to get out and vote.",37," Yes, I vote during elections.","37,46"
81,<question> How do you think people were appointed in ancient Athens?,<ans> They were probably appointed by a lottery of some type.,37," In ancient Athens, people were appointed through a lottery system.","37,22"
82,<question> What do you think about the none of these candidate option in Nevada's ballot?,"<ans> Yeah, I didn't know about that either.",37," I think it's great that Nevada offers a ""none of these candidates"" option, as it allows voters to express their dissatisfaction with the available options and potentially encourage new candidates to run. More states should consider adopting this approach to increase voter engagement and diversity in their presidential elections.","51,26"
83,<question> Are you a fan of poetry?,<ans> It has a long history dating back to prehistoric times.,40," I am not a big fan of poetry. Yes, poetry and songs are closely related.","40,43"
84,<question> Why do you think poems evolved from folksongs?,<ans> Early poems in the Eurasian content evolved from folksongs.,40," Poems evolved from folksongs because they share similarities in structure, rhythm, and lyrical qualities.","40,40"
85,<question> Is poetry spoken and written?,"<ans> Yes, poetry is spoken and written, so it is related to many arts.",40," Yes, poetry can be both spoken and written.","40,38"
86,<question> Do you have a favorite poet?,<ans> I think it's funny when comedians do poetry. I don't really have a favorite poet.,40," No, I don't have a favorite poet. I find it funny when comedians do poetry, but I don't really enjoy reading it.","40,43"
87,<question> How did Edgar Allan Poe make money?,<ans> He probably spent it on drugs and booze too.,40," Edgar Allan Poe made most of his money from his short stories and detective fiction, not from his poetry. His most famous work, ""The Raven,"" only earned him $9 for publication. Despite this, Poe's works have had a lasting impact on literature and remain popular to this day.","38,38"
88,<question> What is your favorite genre of fiction?,<ans> I like non fiction because i want to keep up with what is going on in the world.,40, I prefer non-fiction as well.,"40,36"
89,<question> What do you think about fan fiction?,<ans> The author of game of thrones despises fan fiction because he says it is copyright infringement and not a good exercise for aspiring writers.,40," I enjoy both fiction and non-fiction, but I prefer non-fiction as it keeps me informed about current events. I understand the author's perspective on fan fiction, but I think it can be a fun way for fans to creatively express themselves.","40,36"
90,<question> How has technology changed the way you write?,"<ans> Yes, the typewriter changes the relationship between the writer and the prose. i figure that the computer makes my writing different.",40," Technology has changed the way I write by allowing me to research and access information more easily, but it also can be distracting and affect the privacy of individuals.","43,93"
91,<question> Do you use Amazon?,"<ans> Yes, I like Amazon, I like their movie site and their purchase website.</ans>",41," Yes, I use Amazon.","41,45"
92,<question> Why do you think cats spend a lot of their time sleeping?,<ans> Cats hear the sounds too faint or too high frequency human ears can hear.</ans>,41, Cats sleep a lot to conserve energy for hunting and survival.,"3,1"
93,<question> What are some of the services provided by Amazon?,"<ans> Amazon provides online related services and products, which includes online ads, search engine and cloud computing.</ans>",41," Amazon provides various services, including online shopping, cloud computing, digital media, and logistics. They also have a publishing arm, Amazon Publishing, and a contract with the US Postal Service for Sunday delivery.","45,41"
94,<question> Do you like horses?,"<ans> Yes, I do. Did you know horses are able to sleep standing up and lying down?</ans>",42," Yes, I like horses. They are beautiful and fascinating creatures.","96,42"
95,<question> Why do horses evolve over time?,"<ans> They evolved over the past 45 to 55 million years from a small multi-toed creature, Eohippus, into the large single-toed animal of today.</ans>",42, Horses evolved over time to adapt to their environment and meet the needs of their human companions.,"42,96"
96,<question> How many breeds of horses are there in the world?,<ans> There are over 300 breeds of horses in the world today.</ans>,42,300+ breeds of horses in the world.,"42,96"
